insee_commune_id,commune_name,population_total,density_class,density_label,count_agriculture,count_industry,count_construction,count_commercial_services,count_public_services,total_count
01004,Ambérieu-en-Bugey,16339.0,2.0,Urbain intermédiaire,2.0,33.0,57.0,411.0,89.0,592.0
01033,Valserhône,17031.0,2.0,Urbain intermédiaire,4.0,39.0,95.0,328.0,59.0,525.0
01034,Belley,9695.0,2.0,Urbain intermédiaire,4.0,41.0,46.0,258.0,56.0,405.0
01053,Bourg-en-Bresse,43961.0,2.0,Urbain intermédiaire,5.0,96.0,104.0,1517.0,304.0,2026.0
01143,Divonne-les-Bains,10683.0,2.0,Urbain intermédiaire,3.0,8.0,9.0,195.0,33.0,248.0
01160,Ferney-Voltaire,12235.0,2.0,Urbain intermédiaire,1.0,9.0,14.0,273.0,49.0,346.0
01173,Gex,13912.0,2.0,Urbain intermédiaire,1.0,12.0,23.0,139.0,34.0,209.0
01194,Jassans-Riottier,6342.0,2.0,Urbain intermédiaire,1.0,29.0,31.0,100.0,13.0,174.0
01202,Lagnieu,7524.0,2.0,Urbain intermédiaire,4.0,15.0,32.0,126.0,24.0,201.0
01244,Meximieux,8388.0,2.0,Urbain intermédiaire,0.0,19.0,34.0,225.0,34.0,312.0
01249,Miribel,10520.0,2.0,Urbain intermédiaire,8.0,65.0,39.0,223.0,35.0,370.0
01262,Montluel,7083.0,2.0,Urbain intermédiaire,7.0,22.0,25.0,125.0,35.0,214.0
01283,Oyonnax,22923.0,2.0,Urbain intermédiaire,2.0,119.0,94.0,518.0,100.0,833.0
01289,Péronnas,6690.0,2.0,Urbain intermédiaire,0.0,26.0,36.0,152.0,35.0,249.0
01354,Saint-Genis-Pouilly,14673.0,2.0,Urbain intermédiaire,0.0,24.0,38.0,279.0,42.0,383.0
01427,Trévoux,7181.0,2.0,Urbain intermédiaire,0.0,41.0,41.0,156.0,39.0,277.0
01451,Viriat,7235.0,2.0,Urbain intermédiaire,9.0,33.0,44.0,268.0,26.0,380.0
03023,Bellerive-sur-Allier,9171.0,2.0,Urbain intermédiaire,1.0,13.0,18.0,195.0,36.0,263.0
03082,Commentry,6179.0,3.0,Rural périurbain,1.0,20.0,16.0,78.0,23.0,138.0
03095,Cusset,13822.0,2.0,Urbain intermédiaire,7.0,38.0,85.0,298.0,64.0,492.0
03101,Domérat,8794.0,2.0,Urbain intermédiaire,5.0,11.0,44.0,141.0,18.0,219.0
03118,Gannat,5794.0,4.0,Rural non périurbain,5.0,28.0,22.0,163.0,29.0,247.0
03185,Montluçon,34107.0,2.0,Urbain intermédiaire,4.0,77.0,85.0,929.0,200.0,1295.0
03190,Moulins,19714.0,2.0,Urbain intermédiaire,4.0,43.0,36.0,618.0,176.0,877.0
03254,Saint-Pourçain-sur-Sioule,5009.0,4.0,Rural non périurbain,5.0,30.0,28.0,181.0,25.0,269.0
03310,Vichy,25445.0,2.0,Urbain intermédiaire,0.0,33.0,40.0,952.0,209.0,1234.0
03321,Yzeure,13451.0,2.0,Urbain intermédiaire,7.0,32.0,45.0,226.0,71.0,381.0
04049,Château-Arnoux-Saint-Auban,5235.0,2.0,Urbain intermédiaire,5.0,15.0,20.0,133.0,34.0,207.0
04070,Digne-les-Bains,18764.0,2.0,Urbain intermédiaire,6.0,26.0,43.0,497.0,150.0,722.0
04112,Manosque,23349.0,2.0,Urbain intermédiaire,32.0,65.0,104.0,997.0,163.0,1361.0
04209,Sisteron,8097.0,2.0,Urbain intermédiaire,17.0,36.0,31.0,335.0,49.0,468.0
05023,Briançon,11744.0,2.0,Urbain intermédiaire,0.0,29.0,43.0,446.0,80.0,598.0
05046,Embrun,6757.0,2.0,Urbain intermédiaire,8.0,19.0,45.0,248.0,43.0,363.0
05061,Gap,42685.0,2.0,Urbain intermédiaire,16.0,91.0,155.0,1368.0,294.0,1924.0
06004,Antibes,78612.0,1.0,Urbain dense,11.0,171.0,400.0,2796.0,363.0,3741.0
06012,Beausoleil,12055.0,2.0,Urbain intermédiaire,1.0,10.0,29.0,278.0,70.0,388.0
06018,Biot,10845.0,2.0,Urbain intermédiaire,3.0,40.0,61.0,575.0,53.0,732.0
06027,Cagnes-sur-Mer,53819.0,1.0,Urbain dense,5.0,70.0,347.0,1460.0,231.0,2113.0
06029,Cannes,75105.0,1.0,Urbain dense,11.0,157.0,326.0,3851.0,408.0,4753.0
06030,Cannet,42297.0,1.0,Urbain dense,0.0,57.0,241.0,889.0,131.0,1318.0
06033,Carros,13935.0,2.0,Urbain intermédiaire,2.0,89.0,88.0,461.0,47.0,687.0
06044,Colle-sur-Loup,8349.0,2.0,Urbain intermédiaire,3.0,13.0,42.0,231.0,27.0,316.0
06048,Contes,7993.0,2.0,Urbain intermédiaire,5.0,25.0,45.0,123.0,32.0,230.0
06065,Gaude,7384.0,2.0,Urbain intermédiaire,5.0,20.0,36.0,130.0,29.0,220.0
06069,Grasse,51830.0,2.0,Urbain intermédiaire,13.0,132.0,266.0,1289.0,248.0,1948.0
06079,Mandelieu-la-Napoule,21845.0,1.0,Urbain dense,5.0,56.0,106.0,899.0,80.0,1146.0
06083,Menton,31012.0,2.0,Urbain intermédiaire,10.0,60.0,120.0,1052.0,136.0,1378.0
06084,Mouans-Sartoux,11231.0,2.0,Urbain intermédiaire,3.0,72.0,101.0,458.0,55.0,689.0
06085,Mougins,20142.0,2.0,Urbain intermédiaire,5.0,75.0,193.0,945.0,128.0,1346.0
06088,Nice,360710.0,1.0,Urbain dense,27.0,537.0,1850.0,12087.0,1826.0,16327.0
06090,Pégomas,8342.0,2.0,Urbain intermédiaire,5.0,21.0,57.0,162.0,29.0,274.0
06095,Peymeinade,8713.0,2.0,Urbain intermédiaire,1.0,9.0,47.0,139.0,22.0,218.0
06104,Roquebrune-Cap-Martin,12164.0,2.0,Urbain intermédiaire,2.0,15.0,33.0,290.0,32.0,372.0
06105,Roquefort-les-Pins,7485.0,2.0,Urbain intermédiaire,2.0,11.0,33.0,165.0,32.0,243.0
06123,Saint-Laurent-du-Var,32366.0,1.0,Urbain dense,8.0,70.0,198.0,1224.0,139.0,1639.0
06149,Trinité,10667.0,1.0,Urbain dense,1.0,27.0,59.0,195.0,35.0,317.0
06152,Valbonne,12669.0,2.0,Urbain intermédiaire,3.0,59.0,72.0,1037.0,112.0,1283.0
06155,Vallauris,29509.0,1.0,Urbain dense,4.0,87.0,163.0,811.0,65.0,1130.0
06157,Vence,20253.0,2.0,Urbain intermédiaire,2.0,20.0,102.0,456.0,69.0,649.0
06159,Villefranche-sur-Mer,5042.0,1.0,Urbain dense,0.0,8.0,16.0,226.0,14.0,264.0
06161,Villeneuve-Loubet,17758.0,1.0,Urbain dense,6.0,37.0,95.0,632.0,59.0,829.0
07010,Annonay,17836.0,2.0,Urbain intermédiaire,1.0,51.0,61.0,344.0,106.0,563.0
07019,Aubenas,13130.0,2.0,Urbain intermédiaire,4.0,47.0,68.0,622.0,125.0,866.0
07042,Bourg-Saint-Andéol,7828.0,2.0,Urbain intermédiaire,8.0,17.0,19.0,109.0,34.0,187.0
07102,Guilherand-Granges,11398.0,1.0,Urbain dense,0.0,24.0,32.0,277.0,88.0,421.0
07186,Privas,8786.0,2.0,Urbain intermédiaire,2.0,33.0,27.0,327.0,119.0,508.0
07281,Saint-Péray,7799.0,2.0,Urbain intermédiaire,11.0,21.0,30.0,228.0,26.0,316.0
07319,Teil,8949.0,2.0,Urbain intermédiaire,1.0,15.0,33.0,156.0,40.0,245.0
07324,Tournon-sur-Rhône,11849.0,2.0,Urbain intermédiaire,13.0,24.0,28.0,301.0,90.0,456.0
07349,Voulte-sur-Rhône,4916.0,2.0,Urbain intermédiaire,2.0,17.0,16.0,90.0,21.0,146.0
13001,Aix-en-Provence,152854.0,1.0,Urbain dense,60.0,360.0,565.0,6622.0,973.0,8580.0
13002,Allauch,21657.0,1.0,Urbain dense,4.0,28.0,99.0,356.0,55.0,542.0
13004,Arles,52515.0,2.0,Urbain intermédiaire,202.0,124.0,216.0,1548.0,250.0,2340.0
13005,Aubagne,47920.0,1.0,Urbain dense,29.0,199.0,287.0,1767.0,306.0,2588.0
13007,Auriol,13239.0,2.0,Urbain intermédiaire,7.0,19.0,62.0,212.0,36.0,336.0
13014,Berre-l'Étang,13912.0,2.0,Urbain intermédiaire,63.0,37.0,94.0,220.0,33.0,447.0
13015,Bouc-Bel-Air,15679.0,2.0,Urbain intermédiaire,1.0,31.0,77.0,412.0,79.0,600.0
13019,Cabriès,10610.0,2.0,Urbain intermédiaire,5.0,20.0,40.0,495.0,30.0,590.0
13021,Carry-le-Rouet,5839.0,2.0,Urbain intermédiaire,0.0,7.0,21.0,202.0,24.0,254.0
13022,Cassis,6760.0,2.0,Urbain intermédiaire,9.0,10.0,16.0,401.0,33.0,469.0
13026,Châteauneuf-les-Martigues,18582.0,2.0,Urbain intermédiaire,8.0,29.0,118.0,330.0,62.0,547.0
13027,Châteaurenard,16804.0,2.0,Urbain intermédiaire,78.0,39.0,80.0,496.0,50.0,743.0
13028,Ciotat,38868.0,2.0,Urbain intermédiaire,5.0,142.0,163.0,1218.0,167.0,1695.0
13032,Éguilles,8642.0,2.0,Urbain intermédiaire,6.0,34.0,80.0,399.0,47.0,566.0
13035,Eyguières,7254.0,2.0,Urbain intermédiaire,34.0,10.0,31.0,127.0,22.0,224.0
13037,Fare-les-Oliviers,9152.0,2.0,Urbain intermédiaire,8.0,19.0,39.0,143.0,28.0,237.0
13039,Fos-sur-Mer,16074.0,2.0,Urbain intermédiaire,2.0,82.0,70.0,366.0,36.0,556.0
13040,Fuveau,10564.0,2.0,Urbain intermédiaire,10.0,22.0,44.0,225.0,42.0,343.0
13041,Gardanne,21934.0,2.0,Urbain intermédiaire,5.0,64.0,117.0,543.0,79.0,808.0
13042,Gémenos,6712.0,2.0,Urbain intermédiaire,6.0,57.0,68.0,396.0,28.0,555.0
13043,Gignac-la-Nerthe,10432.0,2.0,Urbain intermédiaire,7.0,24.0,55.0,173.0,30.0,289.0
13047,Istres,44953.0,2.0,Urbain intermédiaire,24.0,55.0,89.0,655.0,142.0,965.0
13050,Lambesc,10272.0,2.0,Urbain intermédiaire,31.0,31.0,49.0,204.0,32.0,347.0
13051,Lançon-Provence,10048.0,2.0,Urbain intermédiaire,22.0,28.0,81.0,162.0,20.0,313.0
13054,Marignane,33957.0,2.0,Urbain intermédiaire,8.0,58.0,234.0,641.0,117.0,1058.0
13056,Martigues,48807.0,1.0,Urbain dense,16.0,100.0,128.0,1005.0,171.0,1420.0
13063,Miramas,26576.0,2.0,Urbain intermédiaire,12.0,38.0,67.0,486.0,84.0,687.0
13069,Pélissanne,11319.0,2.0,Urbain intermédiaire,9.0,9.0,44.0,175.0,25.0,262.0
13070,Penne-sur-Huveaune,6656.0,1.0,Urbain dense,0.0,26.0,35.0,191.0,33.0,285.0
13071,Pennes-Mirabeau,22791.0,2.0,Urbain intermédiaire,8.0,60.0,122.0,610.0,73.0,873.0
13075,Plan-de-Cuques,11726.0,1.0,Urbain dense,5.0,12.0,37.0,232.0,43.0,329.0
13077,Port-de-Bouc,15955.0,1.0,Urbain dense,6.0,37.0,44.0,280.0,52.0,419.0
13078,Port-Saint-Louis-du-Rhône,8646.0,2.0,Urbain intermédiaire,27.0,21.0,11.0,187.0,28.0,274.0
13081,Rognac,12686.0,2.0,Urbain intermédiaire,2.0,39.0,71.0,254.0,30.0,396.0
13086,Roquevaire,9037.0,2.0,Urbain intermédiaire,6.0,11.0,65.0,176.0,23.0,281.0
13092,Saint-Chamas,8805.0,2.0,Urbain intermédiaire,4.0,24.0,33.0,94.0,20.0,175.0
13097,Saint-Martin-de-Crau,14443.0,2.0,Urbain intermédiaire,98.0,46.0,47.0,315.0,52.0,558.0
13098,Saint-Mitre-les-Remparts,6291.0,2.0,Urbain intermédiaire,1.0,10.0,37.0,180.0,17.0,245.0
13100,Saint-Rémy-de-Provence,9773.0,2.0,Urbain intermédiaire,70.0,46.0,76.0,629.0,58.0,879.0
13102,Saint-Victoret,6758.0,2.0,Urbain intermédiaire,4.0,24.0,103.0,254.0,36.0,421.0
13103,Salon-de-Provence,44736.0,2.0,Urbain intermédiaire,59.0,79.0,215.0,1336.0,209.0,1898.0
13104,Sausset-les-Pins,7690.0,2.0,Urbain intermédiaire,2.0,8.0,10.0,143.0,15.0,178.0
13105,Sénas,7025.0,2.0,Urbain intermédiaire,30.0,14.0,26.0,132.0,16.0,218.0
13106,Septèmes-les-Vallons,12049.0,2.0,Urbain intermédiaire,1.0,14.0,59.0,187.0,30.0,291.0
13107,Simiane-Collongue,5904.0,2.0,Urbain intermédiaire,0.0,7.0,22.0,82.0,25.0,136.0
13108,Tarascon,15526.0,2.0,Urbain intermédiaire,79.0,52.0,68.0,322.0,54.0,575.0
13110,Trets,11139.0,2.0,Urbain intermédiaire,27.0,18.0,56.0,257.0,37.0,395.0
13112,Velaux,9090.0,2.0,Urbain intermédiaire,5.0,32.0,55.0,204.0,33.0,329.0
13113,Venelles,8581.0,2.0,Urbain intermédiaire,5.0,34.0,35.0,394.0,58.0,526.0
13117,Vitrolles,37134.0,2.0,Urbain intermédiaire,4.0,156.0,217.0,1405.0,152.0,1934.0
13119,Carnoux-en-Provence,6952.0,2.0,Urbain intermédiaire,0.0,20.0,32.0,155.0,24.0,231.0
15012,Arpajon-sur-Cère,6543.0,2.0,Urbain intermédiaire,7.0,10.0,20.0,78.0,15.0,130.0
15014,Aurillac,27578.0,2.0,Urbain intermédiaire,9.0,72.0,94.0,1128.0,257.0,1560.0
15187,Saint-Flour,6853.0,2.0,Urbain intermédiaire,4.0,27.0,34.0,261.0,71.0,397.0
26057,Bourg-de-Péage,10082.0,2.0,Urbain intermédiaire,3.0,59.0,39.0,247.0,54.0,402.0
26058,Bourg-lès-Valence,20405.0,1.0,Urbain dense,8.0,46.0,82.0,394.0,62.0,592.0
26064,Chabeuil,6994.0,3.0,Rural périurbain,11.0,28.0,43.0,173.0,26.0,281.0
26108,Crest,8916.0,2.0,Urbain intermédiaire,11.0,29.0,36.0,292.0,53.0,421.0
26165,Livron-sur-Drôme,9469.0,2.0,Urbain intermédiaire,18.0,24.0,32.0,175.0,31.0,280.0
26166,Loriol-sur-Drôme,6740.0,2.0,Urbain intermédiaire,14.0,29.0,29.0,142.0,17.0,231.0
26198,Montélimar,41752.0,2.0,Urbain intermédiaire,21.0,127.0,216.0,1393.0,208.0,1965.0
26220,Nyons,6966.0,2.0,Urbain intermédiaire,11.0,25.0,30.0,254.0,57.0,377.0
26235,Pierrelatte,14006.0,2.0,Urbain intermédiaire,35.0,58.0,79.0,400.0,60.0,632.0
26252,Portes-lès-Valence,10650.0,2.0,Urbain intermédiaire,4.0,61.0,44.0,284.0,35.0,428.0
26281,Romans-sur-Isère,34176.0,2.0,Urbain intermédiaire,6.0,105.0,140.0,908.0,144.0,1303.0
26324,Saint-Paul-Trois-Châteaux,9471.0,2.0,Urbain intermédiaire,6.0,32.0,28.0,192.0,38.0,296.0
26347,Tain-l'Hermitage,6126.0,2.0,Urbain intermédiaire,7.0,28.0,15.0,184.0,29.0,263.0
26362,Valence,65647.0,1.0,Urbain dense,11.0,194.0,221.0,2372.0,475.0,3273.0
38053,Bourgoin-Jallieu,30773.0,2.0,Urbain intermédiaire,1.0,84.0,137.0,988.0,202.0,1412.0
38085,Charvieu-Chavagneux,10623.0,2.0,Urbain intermédiaire,0.0,17.0,29.0,79.0,19.0,144.0
38111,Claix,8051.0,2.0,Urbain intermédiaire,3.0,37.0,57.0,129.0,21.0,247.0
38140,Crolles,8877.0,2.0,Urbain intermédiaire,5.0,32.0,18.0,276.0,42.0,373.0
38150,Domène,6911.0,2.0,Urbain intermédiaire,0.0,28.0,45.0,129.0,24.0,226.0
38151,Échirolles,37710.0,1.0,Urbain dense,2.0,57.0,144.0,815.0,137.0,1155.0
38158,Eybens,10594.0,1.0,Urbain dense,0.0,37.0,63.0,281.0,61.0,442.0
38169,Fontaine,22237.0,1.0,Urbain dense,0.0,60.0,103.0,350.0,77.0,590.0
38179,Gières,7481.0,1.0,Urbain dense,1.0,18.0,19.0,158.0,31.0,227.0
38185,Grenoble,158303.0,1.0,Urbain dense,4.0,258.0,412.0,4929.0,825.0,6428.0
38193,Isle-d'Abeau,17792.0,2.0,Urbain intermédiaire,0.0,22.0,35.0,231.0,45.0,333.0
38229,Meylan,19107.0,1.0,Urbain dense,2.0,35.0,45.0,643.0,106.0,831.0
38239,Moirans,7979.0,2.0,Urbain intermédiaire,4.0,53.0,26.0,252.0,38.0,373.0
38269,Mure,5152.0,2.0,Urbain intermédiaire,1.0,21.0,21.0,147.0,40.0,230.0
38298,Péage-de-Roussillon,6769.0,2.0,Urbain intermédiaire,0.0,10.0,49.0,105.0,18.0,182.0
38314,Pontcharra,7528.0,2.0,Urbain intermédiaire,3.0,21.0,30.0,169.0,23.0,246.0
38317,Pont-de-Claix,11012.0,1.0,Urbain dense,0.0,28.0,52.0,150.0,36.0,266.0
38318,Pont-Évêque,6258.0,2.0,Urbain intermédiaire,0.0,27.0,80.0,116.0,25.0,248.0
38337,Rives,6628.0,2.0,Urbain intermédiaire,2.0,19.0,32.0,128.0,24.0,205.0
38344,Roussillon,8707.0,2.0,Urbain intermédiaire,3.0,22.0,82.0,139.0,43.0,289.0
38382,Saint-Égrève,18199.0,2.0,Urbain intermédiaire,0.0,48.0,54.0,390.0,56.0,548.0
38397,Saint-Ismier,7471.0,2.0,Urbain intermédiaire,4.0,16.0,5.0,137.0,29.0,191.0
38416,Saint-Marcellin,7838.0,2.0,Urbain intermédiaire,4.0,26.0,19.0,227.0,51.0,327.0
38421,Saint-Martin-d'Hères,37921.0,1.0,Urbain dense,2.0,56.0,151.0,708.0,164.0,1081.0
38423,Saint-Martin-le-Vinoux,6129.0,2.0,Urbain intermédiaire,2.0,19.0,30.0,119.0,24.0,194.0
38425,Saint-Maurice-l'Exil,6966.0,2.0,Urbain intermédiaire,3.0,17.0,61.0,82.0,20.0,183.0
38449,Saint-Quentin-Fallavier,6235.0,2.0,Urbain intermédiaire,1.0,56.0,32.0,433.0,33.0,555.0
38474,Sassenage,11854.0,2.0,Urbain intermédiaire,0.0,46.0,48.0,174.0,33.0,301.0
38485,Seyssinet-Pariset,11853.0,1.0,Urbain dense,0.0,30.0,31.0,305.0,39.0,405.0
38486,Seyssins,8211.0,1.0,Urbain dense,0.0,22.0,43.0,194.0,20.0,279.0
38509,Tour-du-Pin,8326.0,2.0,Urbain intermédiaire,1.0,14.0,26.0,196.0,53.0,290.0
38516,Tronche,6538.0,1.0,Urbain dense,1.0,10.0,9.0,158.0,37.0,215.0
38517,Tullins,7751.0,2.0,Urbain intermédiaire,9.0,21.0,40.0,148.0,26.0,244.0
38524,Varces-Allières-et-Risset,8702.0,2.0,Urbain intermédiaire,3.0,14.0,28.0,116.0,17.0,178.0
38537,Verpillière,7884.0,2.0,Urbain intermédiaire,0.0,16.0,28.0,120.0,20.0,184.0
38544,Vienne,32216.0,2.0,Urbain intermédiaire,1.0,71.0,163.0,888.0,177.0,1300.0
38545,Vif,8665.0,2.0,Urbain intermédiaire,1.0,11.0,47.0,116.0,26.0,201.0
38547,Villard-Bonnot,7618.0,2.0,Urbain intermédiaire,4.0,30.0,27.0,112.0,24.0,197.0
38553,Villefontaine,19662.0,2.0,Urbain intermédiaire,0.0,15.0,41.0,322.0,69.0,447.0
38562,Vizille,7466.0,2.0,Urbain intermédiaire,0.0,19.0,27.0,146.0,33.0,225.0
38563,Voiron,22415.0,2.0,Urbain intermédiaire,2.0,60.0,71.0,770.0,134.0,1037.0
38565,Voreppe,10203.0,2.0,Urbain intermédiaire,3.0,42.0,49.0,194.0,30.0,318.0
42005,Andrézieux-Bouthéon,10596.0,2.0,Urbain intermédiaire,2.0,97.0,88.0,590.0,74.0,851.0
42044,Chambon-Feugerolles,12399.0,2.0,Urbain intermédiaire,5.0,70.0,51.0,151.0,52.0,329.0
42071,Coteau,6965.0,1.0,Urbain dense,0.0,43.0,26.0,174.0,29.0,272.0
42094,Feurs,8505.0,2.0,Urbain intermédiaire,5.0,41.0,44.0,342.0,46.0,478.0
42095,Firminy,17241.0,2.0,Urbain intermédiaire,1.0,53.0,74.0,418.0,72.0,618.0
42127,Mably,7361.0,2.0,Urbain intermédiaire,2.0,25.0,15.0,152.0,28.0,222.0
42147,Montbrison,16656.0,2.0,Urbain intermédiaire,6.0,70.0,64.0,509.0,91.0,740.0
42183,Ricamarie,8085.0,2.0,Urbain intermédiaire,1.0,37.0,35.0,108.0,19.0,200.0
42184,Riorges,11332.0,1.0,Urbain dense,0.0,36.0,41.0,206.0,34.0,317.0
42186,Rive-de-Gier,15379.0,2.0,Urbain intermédiaire,2.0,25.0,55.0,204.0,59.0,345.0
42187,Roanne,36067.0,1.0,Urbain dense,3.0,106.0,80.0,1182.0,278.0,1649.0
42189,Roche-la-Molière,9940.0,2.0,Urbain intermédiaire,0.0,55.0,55.0,175.0,28.0,313.0
42207,Saint-Chamond,36065.0,2.0,Urbain intermédiaire,9.0,97.0,139.0,646.0,132.0,1023.0
42218,Saint-Étienne,174698.0,1.0,Urbain dense,7.0,413.0,551.0,4351.0,818.0,6140.0
42222,Saint-Galmier,5941.0,2.0,Urbain intermédiaire,4.0,16.0,14.0,154.0,27.0,215.0
42223,Saint-Genest-Lerpt,6247.0,2.0,Urbain intermédiaire,2.0,14.0,22.0,81.0,18.0,137.0
42237,Saint-Jean-Bonnefonds,6674.0,2.0,Urbain intermédiaire,2.0,26.0,32.0,116.0,23.0,199.0
42275,Saint-Priest-en-Jarez,6576.0,1.0,Urbain dense,1.0,23.0,22.0,248.0,68.0,362.0
42279,Saint-Just-Saint-Rambert,16030.0,2.0,Urbain intermédiaire,15.0,41.0,63.0,289.0,62.0,470.0
42302,Sorbiers,8262.0,2.0,Urbain intermédiaire,0.0,36.0,41.0,143.0,23.0,243.0
42305,Talaudière,7207.0,2.0,Urbain intermédiaire,2.0,58.0,35.0,220.0,48.0,363.0
42316,Unieux,8638.0,2.0,Urbain intermédiaire,1.0,16.0,29.0,102.0,21.0,169.0
42323,Veauche,9098.0,2.0,Urbain intermédiaire,2.0,37.0,48.0,192.0,29.0,308.0
42330,Villars,7780.0,1.0,Urbain dense,2.0,24.0,20.0,186.0,16.0,248.0
43040,Brioude,6839.0,2.0,Urbain intermédiaire,5.0,40.0,24.0,302.0,58.0,429.0
43137,Monistrol-sur-Loire,9216.0,2.0,Urbain intermédiaire,11.0,51.0,29.0,286.0,57.0,434.0
43157,Puy-en-Velay,19376.0,2.0,Urbain intermédiaire,2.0,51.0,57.0,855.0,240.0,1205.0
43224,Sainte-Sigolène,6209.0,4.0,Rural non périurbain,3.0,42.0,32.0,103.0,18.0,198.0
43268,Yssingeaux,7876.0,4.0,Rural non périurbain,13.0,49.0,38.0,238.0,57.0,395.0
63003,Ambert,6732.0,4.0,Rural non périurbain,5.0,41.0,37.0,221.0,59.0,363.0
63014,Aubière,10614.0,1.0,Urbain dense,6.0,34.0,57.0,608.0,57.0,762.0
63032,Beaumont,10893.0,1.0,Urbain dense,0.0,9.0,37.0,159.0,51.0,256.0
63063,Cébazat,9040.0,1.0,Urbain dense,2.0,43.0,42.0,173.0,33.0,293.0
63069,Cendre,5470.0,2.0,Urbain intermédiaire,1.0,4.0,8.0,79.0,23.0,115.0
63070,Ceyrat,6719.0,2.0,Urbain intermédiaire,1.0,5.0,17.0,85.0,25.0,133.0
63075,Chamalières,18059.0,1.0,Urbain dense,0.0,17.0,20.0,351.0,86.0,474.0
63103,Châtel-Guyon,6473.0,2.0,Urbain intermédiaire,1.0,10.0,18.0,98.0,20.0,147.0
63113,Clermont-Ferrand,148795.0,1.0,Urbain dense,17.0,253.0,359.0,4499.0,750.0,5878.0
63124,Cournon-d'Auvergne,20341.0,2.0,Urbain intermédiaire,3.0,65.0,100.0,648.0,95.0,911.0
63164,Gerzat,10431.0,2.0,Urbain intermédiaire,7.0,26.0,61.0,221.0,26.0,341.0
63178,Issoire,15477.0,2.0,Urbain intermédiaire,4.0,68.0,56.0,570.0,98.0,796.0
63193,Lempdes,9127.0,2.0,Urbain intermédiaire,5.0,29.0,65.0,254.0,39.0,392.0
63284,Pont-du-Château,12716.0,2.0,Urbain intermédiaire,8.0,30.0,53.0,180.0,44.0,315.0
63300,Riom,19541.0,2.0,Urbain intermédiaire,9.0,75.0,56.0,509.0,81.0,730.0
63307,Romagnat,8026.0,2.0,Urbain intermédiaire,3.0,20.0,38.0,141.0,28.0,230.0
63430,Thiers,11994.0,2.0,Urbain intermédiaire,5.0,92.0,63.0,383.0,71.0,614.0
69006,Amplepuis,4966.0,4.0,Rural non périurbain,10.0,21.0,15.0,114.0,30.0,190.0
69010,Arbresle,6685.0,2.0,Urbain intermédiaire,1.0,18.0,12.0,203.0,35.0,269.0
69019,Belleville-en-Beaujolais,14307.0,2.0,Urbain intermédiaire,6.0,58.0,50.0,408.0,62.0,584.0
69027,Brignais,12687.0,2.0,Urbain intermédiaire,1.0,91.0,111.0,551.0,54.0,808.0
69029,Bron,43369.0,1.0,Urbain dense,0.0,55.0,122.0,906.0,176.0,1259.0
69034,Caluire-et-Cuire,44139.0,1.0,Urbain dense,2.0,52.0,70.0,948.0,167.0,1239.0
69040,Champagne-au-Mont-d'Or,6368.0,1.0,Urbain dense,0.0,26.0,28.0,366.0,28.0,448.0
69043,Chaponost,9528.0,2.0,Urbain intermédiaire,8.0,39.0,63.0,282.0,36.0,428.0
69069,Craponne,12277.0,1.0,Urbain dense,0.0,25.0,30.0,317.0,42.0,414.0
69072,Dardilly,9860.0,2.0,Urbain intermédiaire,5.0,50.0,69.0,654.0,49.0,827.0
69081,Écully,18243.0,1.0,Urbain dense,1.0,24.0,49.0,642.0,121.0,837.0
69088,Fontaines-sur-Saône,7049.0,2.0,Urbain intermédiaire,0.0,7.0,19.0,140.0,22.0,188.0
69089,Francheville,15800.0,1.0,Urbain dense,1.0,18.0,26.0,279.0,54.0,378.0
69091,Givors,21503.0,2.0,Urbain intermédiaire,1.0,37.0,75.0,369.0,77.0,559.0
69092,Gleizé,8353.0,2.0,Urbain intermédiaire,5.0,29.0,52.0,174.0,39.0,299.0
69096,Grigny-sur-Rhône,10094.0,2.0,Urbain intermédiaire,1.0,25.0,57.0,142.0,16.0,241.0
69100,Irigny,9155.0,1.0,Urbain dense,4.0,11.0,63.0,185.0,31.0,294.0
69142,Mulatière,6605.0,1.0,Urbain dense,1.0,1.0,18.0,104.0,18.0,142.0
69143,Neuville-sur-Saône,7876.0,2.0,Urbain intermédiaire,0.0,16.0,26.0,254.0,48.0,344.0
69149,Oullins-Pierre-Bénite,38495.0,1.0,Urbain dense,1.0,59.0,99.0,701.0,142.0,1002.0
69191,Saint-Cyr-au-Mont-d'Or,6440.0,2.0,Urbain intermédiaire,0.0,5.0,1.0,182.0,19.0,207.0
69194,Saint-Didier-au-Mont-d'Or,7615.0,2.0,Urbain intermédiaire,1.0,13.0,24.0,289.0,24.0,351.0
69199,Saint-Fons,19342.0,1.0,Urbain dense,0.0,52.0,150.0,345.0,43.0,590.0
69202,Sainte-Foy-lès-Lyon,22045.0,1.0,Urbain dense,0.0,23.0,43.0,420.0,104.0,590.0
69204,Saint-Genis-Laval,21661.0,1.0,Urbain dense,3.0,60.0,75.0,557.0,64.0,759.0
69243,Tarare,11110.0,2.0,Urbain intermédiaire,1.0,34.0,41.0,254.0,65.0,395.0
69244,Tassin-la-Demi-Lune,23514.0,1.0,Urbain dense,1.0,21.0,45.0,646.0,92.0,805.0
69256,Vaulx-en-Velin,53281.0,1.0,Urbain dense,1.0,169.0,362.0,1166.0,164.0,1862.0
69259,Vénissieux,65689.0,1.0,Urbain dense,0.0,155.0,312.0,1142.0,259.0,1868.0
69264,Villefranche-sur-Saône,36563.0,2.0,Urbain intermédiaire,4.0,116.0,146.0,1302.0,178.0,1746.0
69266,Villeurbanne,164747.0,1.0,Urbain dense,3.0,232.0,546.0,3264.0,557.0,4602.0
69271,Chassieu,11375.0,2.0,Urbain intermédiaire,3.0,121.0,131.0,532.0,45.0,832.0
69273,Corbas,11395.0,2.0,Urbain intermédiaire,1.0,56.0,69.0,462.0,30.0,618.0
69275,Décines-Charpieu,30064.0,1.0,Urbain dense,2.0,104.0,168.0,687.0,99.0,1060.0
69276,Feyzin,10351.0,1.0,Urbain dense,1.0,36.0,73.0,177.0,27.0,314.0
69277,Genas,13698.0,2.0,Urbain intermédiaire,6.0,102.0,112.0,504.0,40.0,764.0
69279,Jonage,6229.0,2.0,Urbain intermédiaire,1.0,24.0,32.0,149.0,21.0,227.0
69282,Meyzieu,37006.0,1.0,Urbain dense,3.0,119.0,149.0,656.0,97.0,1024.0
69283,Mions,13941.0,1.0,Urbain dense,1.0,45.0,70.0,310.0,32.0,458.0
69286,Rillieux-la-Pape,31691.0,2.0,Urbain intermédiaire,5.0,65.0,124.0,616.0,119.0,929.0
69287,Saint-Bonnet-de-Mure,7093.0,2.0,Urbain intermédiaire,3.0,40.0,60.0,275.0,20.0,398.0
69290,Saint-Priest,49498.0,1.0,Urbain dense,4.0,216.0,284.0,1756.0,154.0,2414.0
69291,Saint-Symphorien-d'Ozon,6245.0,2.0,Urbain intermédiaire,6.0,26.0,33.0,136.0,24.0,225.0
73008,Aix-les-Bains,32944.0,2.0,Urbain intermédiaire,4.0,58.0,72.0,899.0,144.0,1177.0
73011,Albertville,20463.0,2.0,Urbain intermédiaire,4.0,50.0,118.0,716.0,144.0,1032.0
73054,Bourg-Saint-Maurice,7530.0,2.0,Urbain intermédiaire,10.0,26.0,42.0,593.0,50.0,721.0
73065,Chambéry,61493.0,1.0,Urbain dense,7.0,144.0,202.0,2068.0,353.0,2774.0
73087,Cognin,7120.0,1.0,Urbain dense,2.0,17.0,15.0,77.0,30.0,141.0
73179,Motte-Servolex,12730.0,2.0,Urbain intermédiaire,15.0,49.0,70.0,377.0,65.0,576.0
73213,Ravoire,9876.0,1.0,Urbain dense,1.0,25.0,70.0,249.0,41.0,386.0
73222,Saint-Alban-Leysse,6964.0,1.0,Urbain dense,1.0,16.0,37.0,160.0,29.0,243.0
73248,Saint-Jean-de-Maurienne,7853.0,2.0,Urbain intermédiaire,2.0,36.0,42.0,311.0,56.0,447.0
73303,Ugine,7360.0,2.0,Urbain intermédiaire,4.0,22.0,42.0,116.0,23.0,207.0
74008,Ambilly,6419.0,1.0,Urbain dense,0.0,5.0,11.0,54.0,18.0,88.0
74010,Annecy,134985.0,1.0,Urbain dense,15.0,317.0,584.0,4593.0,602.0,6111.0
74012,Annemasse,37978.0,1.0,Urbain dense,1.0,39.0,137.0,966.0,142.0,1285.0
74042,Bonneville,13726.0,2.0,Urbain intermédiaire,1.0,46.0,28.0,291.0,65.0,431.0
74056,Chamonix-Mont-Blanc,9023.0,2.0,Urbain intermédiaire,2.0,28.0,34.0,794.0,52.0,910.0
74081,Cluses,18170.0,2.0,Urbain intermédiaire,2.0,96.0,75.0,438.0,85.0,696.0
74119,Évian-les-Bains,9521.0,2.0,Urbain intermédiaire,2.0,16.0,8.0,302.0,44.0,372.0
74123,Faverges-Seythenex,7762.0,2.0,Urbain intermédiaire,7.0,20.0,21.0,141.0,30.0,219.0
74133,Gaillard,11508.0,1.0,Urbain dense,4.0,13.0,13.0,143.0,33.0,206.0
74164,Marignier,6686.0,2.0,Urbain intermédiaire,5.0,49.0,25.0,98.0,20.0,197.0
74208,Passy,11263.0,2.0,Urbain intermédiaire,4.0,34.0,75.0,175.0,32.0,320.0
74213,Poisy,9669.0,1.0,Urbain dense,6.0,27.0,46.0,187.0,22.0,288.0
74220,Reignier-Ésery,8710.0,2.0,Urbain intermédiaire,11.0,15.0,20.0,97.0,22.0,165.0
74224,Roche-sur-Foron,11763.0,2.0,Urbain intermédiaire,10.0,29.0,41.0,267.0,55.0,402.0
74225,Rumilly,16904.0,2.0,Urbain intermédiaire,4.0,51.0,66.0,355.0,60.0,536.0
74236,Saint-Gervais-les-Bains,5886.0,2.0,Urbain intermédiaire,3.0,11.0,38.0,270.0,23.0,345.0
74242,Saint-Jorioz,6603.0,2.0,Urbain intermédiaire,2.0,18.0,25.0,165.0,17.0,227.0
74243,Saint-Julien-en-Genevois,16443.0,2.0,Urbain intermédiaire,6.0,13.0,31.0,240.0,54.0,344.0
74250,Saint-Pierre-en-Faucigny,8000.0,2.0,Urbain intermédiaire,5.0,37.0,38.0,145.0,17.0,242.0
74256,Sallanches,17832.0,2.0,Urbain intermédiaire,13.0,56.0,125.0,583.0,85.0,862.0
74264,Scionzier,9299.0,2.0,Urbain intermédiaire,0.0,87.0,53.0,195.0,16.0,351.0
74280,Thônes,6924.0,2.0,Urbain intermédiaire,10.0,32.0,39.0,207.0,27.0,315.0
74281,Thonon-les-Bains,38946.0,2.0,Urbain intermédiaire,4.0,73.0,146.0,987.0,196.0,1406.0
74298,Vétraz-Monthoux,11151.0,1.0,Urbain dense,2.0,10.0,33.0,100.0,22.0,167.0
74305,Ville-la-Grand,9654.0,1.0,Urbain dense,1.0,20.0,32.0,266.0,27.0,346.0
83004,Arcs,8274.0,2.0,Urbain intermédiaire,16.0,26.0,67.0,202.0,23.0,334.0
83009,Bandol,8378.0,2.0,Urbain intermédiaire,1.0,24.0,25.0,429.0,44.0,523.0
83016,Beausset,10418.0,2.0,Urbain intermédiaire,13.0,16.0,61.0,209.0,34.0,333.0
83019,Bormes-les-Mimosas,8637.0,2.0,Urbain intermédiaire,15.0,32.0,54.0,316.0,26.0,443.0
83023,Brignoles,18173.0,2.0,Urbain intermédiaire,45.0,65.0,114.0,701.0,116.0,1041.0
83034,Carqueiranne,9557.0,2.0,Urbain intermédiaire,12.0,18.0,40.0,226.0,32.0,328.0
83036,Cavalaire-sur-Mer,8202.0,2.0,Urbain intermédiaire,1.0,17.0,52.0,357.0,26.0,453.0
83042,Cogolin,12448.0,2.0,Urbain intermédiaire,18.0,44.0,122.0,468.0,43.0,695.0
83047,Crau,19939.0,2.0,Urbain intermédiaire,32.0,36.0,91.0,374.0,54.0,587.0
83049,Cuers,13409.0,2.0,Urbain intermédiaire,28.0,33.0,92.0,248.0,50.0,451.0
83050,Draguignan,41617.0,2.0,Urbain intermédiaire,11.0,79.0,236.0,872.0,223.0,1421.0
83054,Farlède,10162.0,2.0,Urbain intermédiaire,9.0,65.0,123.0,372.0,36.0,605.0
83061,Fréjus,60503.0,1.0,Urbain dense,29.0,107.0,388.0,1790.0,230.0,2544.0
83062,Garde,26772.0,1.0,Urbain dense,11.0,80.0,157.0,838.0,132.0,1218.0
83069,Hyères,56763.0,2.0,Urbain intermédiaire,86.0,128.0,168.0,1750.0,231.0,2363.0
83070,Lavandou,6712.0,2.0,Urbain intermédiaire,1.0,31.0,34.0,508.0,30.0,604.0
83071,Londe-les-Maures,10707.0,2.0,Urbain intermédiaire,34.0,30.0,47.0,310.0,32.0,453.0
83072,Lorgues,10141.0,2.0,Urbain intermédiaire,20.0,12.0,70.0,223.0,33.0,358.0
83073,Luc,11453.0,2.0,Urbain intermédiaire,23.0,17.0,48.0,194.0,31.0,313.0
83086,Muy,10338.0,2.0,Urbain intermédiaire,8.0,42.0,119.0,273.0,34.0,476.0
83090,Ollioules,14796.0,2.0,Urbain intermédiaire,19.0,46.0,88.0,421.0,97.0,671.0
83098,Pradet,11141.0,2.0,Urbain intermédiaire,10.0,21.0,20.0,253.0,39.0,343.0
83099,Puget-sur-Argens,8724.0,2.0,Urbain intermédiaire,7.0,35.0,113.0,514.0,46.0,715.0
83107,Roquebrune-sur-Argens,15660.0,3.0,Rural périurbain,22.0,37.0,109.0,508.0,38.0,714.0
83112,Saint-Cyr-sur-Mer,11899.0,2.0,Urbain intermédiaire,23.0,24.0,51.0,425.0,59.0,582.0
83115,Sainte-Maxime,14260.0,2.0,Urbain intermédiaire,7.0,56.0,200.0,832.0,60.0,1155.0
83116,Saint-Maximin-la-Sainte-Baume,18413.0,2.0,Urbain intermédiaire,27.0,28.0,107.0,539.0,84.0,785.0
83118,Saint-Raphaël,37704.0,1.0,Urbain dense,7.0,78.0,156.0,1391.0,173.0,1805.0
83119,Saint-Tropez,3649.0,4.0,Rural non périurbain,5.0,41.0,42.0,867.0,23.0,978.0
83123,Sanary-sur-Mer,18793.0,1.0,Urbain dense,10.0,39.0,81.0,623.0,91.0,844.0
83126,Seyne-sur-Mer,64430.0,1.0,Urbain dense,12.0,132.0,294.0,1288.0,287.0,2013.0
83129,Six-Fours-les-Plages,37643.0,1.0,Urbain dense,3.0,83.0,221.0,928.0,127.0,1362.0
83130,Solliès-Pont,12637.0,2.0,Urbain intermédiaire,14.0,30.0,55.0,233.0,61.0,393.0
83137,Toulon,180774.0,1.0,Urbain dense,13.0,193.0,560.0,3395.0,786.0,4947.0
83144,Valette-du-Var,23950.0,1.0,Urbain dense,2.0,31.0,99.0,838.0,120.0,1090.0
83148,Vidauban,12763.0,2.0,Urbain intermédiaire,23.0,20.0,92.0,176.0,25.0,336.0
83153,Saint-Mandrier-sur-Mer,6116.0,2.0,Urbain intermédiaire,1.0,18.0,7.0,119.0,18.0,163.0
84003,Apt,10359.0,2.0,Urbain intermédiaire,19.0,59.0,79.0,428.0,64.0,649.0
84007,Avignon,93567.0,1.0,Urbain dense,47.0,224.0,397.0,3673.0,629.0,4970.0
84016,Bédarrides,5753.0,3.0,Rural périurbain,11.0,10.0,41.0,87.0,13.0,162.0
84019,Bollène,14247.0,2.0,Urbain intermédiaire,19.0,34.0,77.0,370.0,47.0,547.0
84031,Carpentras,32388.0,2.0,Urbain intermédiaire,78.0,80.0,148.0,871.0,170.0,1347.0
84035,Cavaillon,25991.0,2.0,Urbain intermédiaire,61.0,94.0,122.0,899.0,118.0,1294.0
84039,Courthézon,6499.0,3.0,Rural périurbain,33.0,20.0,32.0,99.0,19.0,203.0
84043,Entraigues-sur-la-Sorgue,9054.0,2.0,Urbain intermédiaire,7.0,33.0,66.0,216.0,22.0,344.0
84054,Isle-sur-la-Sorgue,20755.0,2.0,Urbain intermédiaire,45.0,59.0,86.0,626.0,86.0,902.0
84080,Monteux,13549.0,2.0,Urbain intermédiaire,48.0,38.0,67.0,262.0,42.0,457.0
84081,Morières-lès-Avignon,9152.0,2.0,Urbain intermédiaire,8.0,16.0,55.0,167.0,28.0,274.0
84087,Orange,30314.0,2.0,Urbain intermédiaire,60.0,71.0,125.0,901.0,156.0,1313.0
84088,Pernes-les-Fontaines,10735.0,2.0,Urbain intermédiaire,67.0,39.0,60.0,294.0,30.0,490.0
84089,Pertuis,19817.0,2.0,Urbain intermédiaire,26.0,67.0,81.0,629.0,82.0,885.0
84092,Pontet,18566.0,1.0,Urbain dense,3.0,39.0,125.0,585.0,84.0,836.0
84122,Sarrians,5871.0,4.0,Rural non périurbain,66.0,16.0,47.0,113.0,21.0,263.0
84129,Sorgues,19227.0,2.0,Urbain intermédiaire,16.0,71.0,143.0,516.0,94.0,840.0
84132,Thor,9062.0,2.0,Urbain intermédiaire,34.0,30.0,71.0,220.0,26.0,381.0
84137,Vaison-la-Romaine,6199.0,4.0,Rural non périurbain,27.0,27.0,29.0,322.0,43.0,448.0
84138,Valréas,9435.0,2.0,Urbain intermédiaire,55.0,30.0,38.0,217.0,41.0,381.0
84141,Vedène,12278.0,2.0,Urbain intermédiaire,3.0,28.0,83.0,323.0,35.0,472.0
